Precision;Recall
0.07263544536271808;0.1722971289357361
0.06051423324150597;0.28175854048817034
0.05503520048974595;0.37527262862114785
0.05105601469237834;0.46346393918642875
0.047988980716253474;0.5360949624130605
0.04629629629629629;0.6210327789328229
0.04433949888495343;0.6917189466457148
0.04260789715335171;0.7623604182238959
0.04126109580655037;0.8336718977316248
0.03994490358126721;0.9055946969381404
0.039085065531346525;0.9783496578537845
